Kingdom,Phylum,Class,Order,Family,Genus,Sediment,,,,Water,,,,Algae,,,,,,,,,
,,,,,,DSD,GISD,PSD,CSD,DW,GIW,PW,CW,GIDd,CDd,DPa,GIPa,PPa,CPa,DSp,GISp,PSp,CSp
Bacteria,Acidobacteria,Holophagae,Acanthopleuribacterales,Acanthopleuribacteraceae,Acanthopleuribacter,1,0,0,0,0,0,0,0,0,0,0,0,0,0,0,0,0,0
Bacteria,Cyanobacteria/Melainabacteria,Cyanobacteria,Synechococcales,Acaryochloridaceae,Acaryochloris,2,0,0,1,1,0,2,2,2,2,2,2,1,1,6,4,2,2
Bacteria,Actinobacteria,Acidimicrobiia,Acidimicrobiales,Iamiaceae,Actinomarinicola,1,1,0,1,0,0,0,0,0,0,1,0,0,0,2,0,0,0
Bacteria,Bacteroidetes,Flavobacteriia,Flavobacteriales,Flavobacteriaceae,Aequorivita,0,1,0,1,0,0,0,0,0,0,0,0,0,0,0,0,0,0
Bacteria,Proteobacteria,Gammaproteobacteria,Aeromonadales,Aeromonadaceae,Aeromonas,2,0,1,1,0,0,0,0,0,0,0,0,1,0,0,0,0,0
Bacteria,Proteobacteria,Gammaproteobacteria,Cellvibrionales,Cellvibrionaceae,Agaribacterium,1,0,1,0,1,0,0,0,0,0,0,0,0,0,0,0,0,0
Bacteria,Proteobacteria,Gammaproteobacteria,Cellvibrionales,Cellvibrionaceae,Agarilytica,0,0,0,0,0,0,0,1,0,0,0,0,0,0,0,0,0,0
Bacteria,Proteobacteria,Gammaproteobacteria,Alteromonadales,Alteromonadaceae,Agarivorans,0,0,0,0,1,0,0,0,0,0,0,0,0,0,0,0,0,0
Bacteria,Chloroflexi,Anaerolineae,Aggregatilineales,Aggregatilineaceae,Aggregatilinea,3,1,1,0,0,0,0,0,0,0,0,0,0,0,0,0,0,0
Bacteria,Proteobacteria,Gammaproteobacteria,Oceanospirillales,Alcanivoracaceae,Alcanivorax,1,0,1,1,0,2,0,0,0,0,0,0,1,0,0,0,0,0
Bacteria,Bacteroidetes,Cytophagia,Cytophagales,Cyclobacteriaceae,Algoriphagus,0,0,1,0,0,0,0,0,0,0,1,1,1,0,1,0,1,0
Bacteria,Proteobacteria,Gammaproteobacteria,Oceanospirillales,Pleioneaceae,Aliikangiella,1,1,1,1,0,0,1,1,0,0,0,0,1,0,0,0,0,0
Bacteria,Proteobacteria,Gammaproteobacteria,Oceanospirillales,Oceanospirillaceae,Amphritea,0,0,0,0,0,0,0,1,0,0,0,0,0,0,0,0,0,0
Bacteria,Proteobacteria,Alphaproteobacteria,Rhodobacterales,Rhodobacteraceae,Amylibacter,0,0,0,0,0,0,0,0,0,0,0,0,0,0,0,1,0,0
Bacteria,Bacteroidetes,Flavobacteriia,Flavobacteriales,Flavobacteriaceae,Aquimarina,1,1,0,1,2,2,2,1,1,2,3,1,0,1,1,4,1,1
Bacteria,Bacteroidetes,Flavobacteriia,Flavobacteriales,Flavobacteriaceae,Arenibacter,2,3,1,4,1,0,0,0,0,0,0,0,1,0,1,0,0,1
Bacteria,Proteobacteria,Gammaproteobacteria,Arenicellales,Arenicellaceae,Arenicella,1,1,0,1,2,0,1,1,4,4,3,3,1,3,2,5,2,1
Bacteria,Bacteroidetes,Flavobacteriia,Flavobacteriales,Flavobacteriaceae,Aureicoccus,0,1,0,1,1,1,1,1,1,2,1,1,1,1,1,1,1,0
Bacteria,Bacteroidetes,Flavobacteriia,Flavobacteriales,Flavobacteriaceae,Aureisphaera,0,0,0,0,0,0,0,0,0,0,1,1,1,0,0,1,0,0
Bacteria,Bacteroidetes,Saprospiria,Saprospirales,Saprospiraceae,Aureispira,0,0,0,0,1,1,0,1,0,0,1,1,0,0,0,0,0,0
Bacteria,Bacteroidetes,Flavobacteriia,Flavobacteriales,Flavobacteriaceae,Aureivirga,0,0,0,0,0,1,0,1,0,0,0,0,0,0,0,0,0,0
Bacteria,Balneolaeota,Balneolia,Balneolales,Balneolaceae,Balneola,1,0,0,0,0,0,1,1,0,0,0,0,0,0,0,0,0,0
Bacteria,Actinobacteria,Actinomycetia,Bifidobacteriales,Bifidobacteriaceae,Bifidobacterium,1,1,1,3,3,1,0,0,2,1,4,1,5,2,3,3,2,0
Bacteria,Proteobacteria,Betaproteobacteria,Burkholderiales,Burkholderiaceae,Burkholderia,0,0,0,0,0,0,0,0,1,0,0,0,0,0,0,0,0,0
Bacteria,Proteobacteria,Gammaproteobacteria,Enterobacterales,Enterobacteriaceae,Buttiauxella,0,1,0,1,0,0,0,0,0,0,0,0,0,0,0,0,0,0
Bacteria,Proteobacteria,Alphaproteobacteria,Pelagibacterales,Pelagibacteraceae,Candidatus Pelagibacter,1,0,1,2,12,13,5,5,2,1,1,1,0,0,2,1,1,0
Bacteria,Proteobacteria,Gammaproteobacteria,Vibrionales,Vibrionaceae,Catenococcus,1,0,0,0,0,1,0,0,1,1,1,0,1,0,1,0,1,1
Bacteria,Proteobacteria,Gammaproteobacteria,Cellvibrionales,Cellvibrionaceae,Cellvibrio,1,1,0,0,1,1,1,1,1,1,0,1,0,0,1,1,1,0
Bacteria,Fusobacteria,Fusobacteriia,Fusobacteriales,Fusobacteriaceae,Cetobacterium,0,0,0,0,1,2,0,2,1,1,0,1,0,0,1,0,1,0
Bacteria,Proteobacteria,Gammaproteobacteria,Oceanospirillales,Halomonadaceae,Chromohalobacter,1,0,1,0,0,1,0,0,0,0,0,0,0,0,0,0,0,0
Bacteria,Proteobacteria,Gammaproteobacteria,Oceanospirillales,Halomonadaceae,Cobetia,9,6,9,6,2,2,2,1,14,12,11,11,12,13,10,5,20,10
Bacteria,Proteobacteria,Alphaproteobacteria,Hyphomicrobiales,Cohaesibacteraceae,Cohaesibacter,1,0,0,0,0,0,1,1,0,0,0,0,0,0,1,0,1,0
Bacteria,Actinobacteria,Actinomycetia,Corynebacteriales,Corynebacteriaceae,Corynebacterium,0,0,0,0,0,1,0,0,0,0,0,1,0,0,0,0,0,0
Bacteria,Bacteroidetes,Flavobacteriia,Flavobacteriales,Flavobacteriaceae,Croceivirga,0,0,0,0,0,0,0,1,1,0,1,0,0,0,0,0,0,0
Bacteria,Proteobacteria,Betaproteobacteria,Burkholderiales,Comamonadaceae,Curvibacter,0,0,1,0,0,0,0,1,1,0,0,0,0,0,0,0,0,0
Bacteria,Bacteroidetes,Flavobacteriia,Flavobacteriales,Flavobacteriaceae,Dokdonia,0,0,0,0,0,0,0,1,0,0,0,0,0,0,0,1,0,0
Bacteria,Proteobacteria,Gammaproteobacteria,Oceanospirillales,Endozoicomonadaceae,Endozoicomonas,0,1,0,0,0,0,0,1,1,0,0,0,0,0,0,0,0,0
Bacteria,Proteobacteria,Gammaproteobacteria,Vibrionales,Vibrionaceae,Enterovibrio,0,0,0,0,1,1,1,0,0,0,0,0,1,1,0,0,0,0
Bacteria,Actinobacteria,Nitriliruptoria,Euzebyales,Euzebyaceae,Euzebya,1,0,0,0,0,0,0,1,0,0,0,0,0,0,0,0,0,0
Bacteria,Proteobacteria,Gammaproteobacteria,Alteromonadales,Ferrimonadaceae,Ferrimonas,0,0,0,0,1,0,0,1,0,0,0,0,0,0,0,0,0,0
Bacteria,Bacteroidetes,Saprospiria,Saprospirales,Lewinellaceae,Flavilitoribacter,0,1,1,1,0,0,0,0,0,0,0,0,0,0,0,0,0,0
Bacteria,Bacteroidetes,Flavobacteriia,Flavobacteriales,Flavobacteriaceae,Flavobacterium,0,0,0,0,0,0,0,0,0,0,0,0,1,0,1,0,0,0
Bacteria,Bacteroidetes,Cytophagia,Cytophagales,Fulvivirgaceae,Fulvivirga,5,3,3,2,3,0,2,2,4,3,4,2,2,0,3,2,2,0
Bacteria,Proteobacteria,Alphaproteobacteria,Rhodospirillales,Geminicoccaceae,Geminicoccus,0,0,0,1,0,0,0,0,0,0,0,0,0,0,0,0,0,0
Bacteria,Proteobacteria,Alphaproteobacteria,Rhodobacterales,Rhodobacteraceae,Gemmobacter,0,0,0,0,0,0,1,0,1,0,0,0,0,0,0,0,0,0
Bacteria,Proteobacteria,Gammaproteobacteria,Oceanospirillales,Hahellaceae,Hahella,1,0,0,0,0,0,0,1,0,0,0,0,0,0,0,0,0,0
Bacteria,Proteobacteria,Gammaproteobacteria,Cellvibrionales,Halieaceae,Halioglobus,1,0,0,0,1,0,0,0,0,0,0,0,0,0,0,0,0,0
Bacteria,Proteobacteria,Gammaproteobacteria,Oceanospirillales,Halomonadaceae,Halomonas,0,1,1,0,0,1,1,0,1,0,1,0,0,0,0,0,0,1
Bacteria,Bacteroidetes,Flavobacteriia,Flavobacteriales,Flavobacteriaceae,Hyunsoonleella,0,0,0,1,0,0,0,0,0,0,0,0,0,0,0,0,0,0
Bacteria,Actinobacteria,Acidimicrobiia,Acidimicrobiales,Ilumatobacteraceae,Ilumatobacter,2,0,1,0,1,1,0,0,1,1,1,1,1,1,1,1,1,0
Bacteria,Fusobacteria,Fusobacteriia,Fusobacteriales,Fusobacteriaceae,Ilyobacter,1,0,0,0,0,0,0,0,0,0,0,0,0,0,0,0,0,0
Bacteria,Proteobacteria,Alphaproteobacteria,Rhodospirillales,Kiloniellaceae,Kiloniella,0,0,0,0,0,0,0,1,0,0,0,0,0,0,0,0,0,0
Bacteria,Bacteroidetes,Flavobacteriia,Flavobacteriales,Flavobacteriaceae,Kordia,0,0,0,0,1,0,3,1,2,2,1,1,0,0,2,0,0,0
Bacteria,Proteobacteria,Gammaproteobacteria,Thiotrichales,Thiotrichaceae,Leucothrix,0,1,0,1,2,0,0,0,1,0,1,0,1,0,1,0,1,0
Bacteria,Bacteroidetes,Saprospiria,Saprospirales,Lewinellaceae,Lewinella,1,1,0,1,0,2,8,6,0,0,1,1,1,0,0,1,0,1
Bacteria,Proteobacteria,Alphaproteobacteria,Rhodobacterales,Rhodobacteraceae,Limimaricola,0,0,0,0,0,0,1,0,1,0,0,0,0,0,0,0,0,0
Bacteria,Proteobacteria,Gammaproteobacteria,Oceanospirillales,Litoricolaceae,Litoricola,0,0,0,0,0,1,1,1,0,0,0,0,0,0,0,0,0,0
Bacteria,Bacteroidetes,Flavobacteriia,Flavobacteriales,Flavobacteriaceae,Lutibacter,0,0,0,0,0,1,0,0,0,0,0,0,0,0,0,0,0,0
Bacteria,Bacteroidetes,Flavobacteriia,Flavobacteriales,Flavobacteriaceae,Lutimonas,1,0,0,0,1,0,1,0,0,0,1,0,0,0,0,1,0,0
Bacteria,Bacteroidetes,Flavobacteriia,Flavobacteriales,Flavobacteriaceae,Maribacter,1,0,0,1,0,0,0,1,0,0,1,0,0,0,0,0,1,0
Bacteria,Proteobacteria,Gammaproteobacteria,Cellvibrionales,Cellvibrionaceae,Marinimicrobium,2,0,1,1,0,0,0,0,0,0,0,0,0,0,0,0,0,0
Bacteria,Proteobacteria,Gammaproteobacteria,Oceanospirillales,Oceanospirillaceae,Marinobacterium,0,0,0,1,0,0,0,1,0,0,0,0,0,0,0,0,0,0
Bacteria,Proteobacteria,Gammaproteobacteria,Oceanospirillales,Oceanospirillaceae,Marinomonas,2,1,0,2,1,2,0,3,0,3,2,1,3,1,3,3,2,2
Bacteria,Bacteroidetes,Cytophagia,Cytophagales,Reichenbachiellaceae,Marinoscillum,0,0,0,0,1,0,1,1,0,0,0,0,0,0,2,1,0,0
Bacteria,Proteobacteria,Gammaproteobacteria,Cellvibrionales,Microbulbiferaceae,Microbulbifer,1,0,1,1,0,0,1,0,0,0,0,0,0,0,0,0,0,0
Bacteria,Bacteroidetes,Flavobacteriia,Flavobacteriales,Flavobacteriaceae,Muricauda,0,1,0,2,0,1,3,0,2,0,0,0,0,1,0,0,0,0
Bacteria,Bacteroidetes,Flavobacteriia,Flavobacteriales,Flavobacteriaceae,Muriicola,1,0,0,0,0,0,0,0,0,0,1,0,0,0,1,0,0,0
Bacteria,Actinobacteria,Actinomycetia,Corynebacteriales,Mycobacteriaceae,Mycobacterium,1,0,1,0,0,0,0,0,0,0,0,0,0,0,0,0,0,0
Bacteria,Proteobacteria,Alphaproteobacteria,Rhodospirillales,Thalassobaculaceae,Nisaea,0,0,1,0,1,1,0,0,0,0,0,1,0,1,1,0,0,0
Bacteria,Actinobacteria,Actinomycetia,Propionibacteriales,Nocardioidaceae,Nocardioides,0,0,0,0,0,0,0,0,0,2,0,0,0,0,0,0,0,0
Bacteria,Bacteroidetes,Flavobacteriia,Flavobacteriales,Flavobacteriaceae,Nonlabens,0,0,0,0,0,1,1,1,1,1,0,0,0,0,0,0,0,0
Bacteria,Spirochaetes,Spirochaetia,Spirochaetales,Spirochaetaceae,Oceanispirochaeta,0,0,0,1,0,0,2,0,0,0,0,0,0,0,0,0,0,0
Bacteria,Bacteroidetes,Flavobacteriia,Flavobacteriales,Flavobacteriaceae,Olleya,0,0,0,1,0,0,0,0,0,0,0,0,0,0,0,0,0,0
Bacteria,Firmicutes,Bacilli,Bacillales,Paenibacillaceae,Paenibacillus,1,0,0,0,0,0,0,0,0,1,1,0,0,1,1,0,0,1
Bacteria,Proteobacteria,Alphaproteobacteria,Rhodobacterales,Rhodobacteraceae,Paracoccus,0,0,1,0,0,0,0,0,0,0,0,0,0,0,0,0,0,0
Bacteria,Proteobacteria,Gammaproteobacteria,Alteromonadales,Alteromonadaceae,Paraglaciecola,0,0,0,0,1,0,0,0,0,0,0,0,0,0,0,0,0,0
Bacteria,Proteobacteria,Alphaproteobacteria,Parvularculales,Parvularculaceae,Parvularcula,2,0,0,0,0,1,1,1,0,0,1,0,0,0,0,0,0,0
Bacteria,Bacteroidetes,Sphingobacteriia,Sphingobacteriales,Sphingobacteriaceae,Pedobacter,1,1,2,1,1,1,1,0,4,4,0,3,4,3,1,2,3,2
Bacteria,Proteobacteria,Gammaproteobacteria,Vibrionales,Vibrionaceae,Photobacterium,1,0,1,0,1,1,1,1,2,2,0,0,0,0,1,0,0,1
Bacteria,Proteobacteria,Betaproteobacteria,Burkholderiales,Alcaligenaceae,Pigmentiphaga,0,0,0,0,0,0,0,0,0,0,0,0,0,0,0,1,1,0
Bacteria,Cyanobacteria/Melainabacteria,Cyanobacteria,Synechococcales,Prochlorococcaceae,Prochlorococcus,0,0,0,0,1,2,0,0,0,0,0,0,0,0,0,0,0,0
Bacteria,Proteobacteria,Gammaproteobacteria,Alteromonadales,Idiomarinaceae,Pseudidiomarina,2,0,2,0,2,0,1,1,0,0,0,0,0,0,0,0,0,0
Bacteria,Proteobacteria,Gammaproteobacteria,Alteromonadales,Pseudoalteromonadaceae,Pseudoalteromonas,0,0,0,0,0,1,0,0,1,1,0,0,0,1,0,0,0,0
Bacteria,Proteobacteria,Oligoflexia,Oligoflexales,Pseudobacteriovoracaceae,Pseudobacteriovorax,3,0,1,0,3,0,1,1,0,0,1,0,0,0,0,1,0,0
Bacteria,Proteobacteria,Gammaproteobacteria,Pseudomonadales,Pseudomonadaceae,Pseudomonas,1,0,1,0,1,1,0,0,2,1,1,1,1,1,1,0,0,0
Bacteria,Proteobacteria,Alphaproteobacteria,Hyphomicrobiales,Stappiaceae,Pseudovibrio,0,0,0,0,0,0,1,1,0,0,0,0,0,0,0,0,0,0
Bacteria,Proteobacteria,Gammaproteobacteria,Alteromonadales,Psychromonadaceae,Psychromonas,0,0,0,0,0,1,0,0,0,0,0,0,0,0,1,0,0,0
Bacteria,Bacteroidetes,Cytophagia,Cytophagales,Reichenbachiellaceae,Reichenbachiella,4,1,1,0,2,0,0,5,1,0,3,2,0,0,0,2,0,0
Bacteria,Bacteroidetes,Flavobacteriia,Flavobacteriales,Flavobacteriaceae,Robiginitalea,2,1,0,1,1,1,1,1,1,1,2,1,1,1,2,1,1,0
Bacteria,Proteobacteria,Alphaproteobacteria,Hyphomicrobiales,Stappiaceae,Roseibium,1,1,1,1,1,1,1,1,1,0,1,1,0,0,1,1,1,0
Bacteria,Bacteroidetes,Cytophagia,Cytophagales,Roseivirgaceae,Roseivirga,0,0,1,1,0,1,1,0,0,0,0,0,0,0,0,0,0,0
Bacteria,Proteobacteria,Alphaproteobacteria,Rhodospirillales,Acetobacteraceae,Roseomonas,0,0,0,0,0,1,0,0,0,1,0,0,0,0,0,0,0,0
Bacteria,Bacteroidetes,Flavobacteriia,Flavobacteriales,Flavobacteriaceae,Seonamhaeicola,1,1,0,1,1,0,0,1,0,0,1,0,0,0,0,0,0,0
Bacteria,Proteobacteria,Gammaproteobacteria,Cellvibrionales,Cellvibrionaceae,Simiduia,1,1,0,0,1,0,0,0,0,0,0,0,0,0,0,0,0,0
Bacteria,Bacteroidetes,Sphingobacteriia,Sphingobacteriales,Sphingobacteriaceae,Sphingobacterium,0,1,1,3,0,0,1,0,1,0,2,0,0,1,0,0,2,3
Bacteria,Proteobacteria,Alphaproteobacteria,Sphingomonadales,Sphingomonadaceae,Sphingobium,0,1,1,0,0,0,1,0,0,0,1,0,1,1,0,0,1,0
Bacteria,Proteobacteria,Gammaproteobacteria,Cellvibrionales,Spongiibacteraceae,Spongiibacter,0,0,0,3,0,0,0,0,0,0,0,0,0,0,0,0,0,0
Bacteria,Firmicutes,Bacilli,Bacillales,Staphylococcaceae,Staphylococcus,1,0,0,0,0,1,0,1,1,0,1,0,0,2,2,1,0,0
Bacteria,Bacteroidetes,Flavobacteriia,Flavobacteriales,Flavobacteriaceae,Tenacibaculum,0,0,1,2,0,1,4,1,2,2,2,2,2,1,1,0,1,1
Bacteria,Proteobacteria,Alphaproteobacteria,Rhodospirillales,Terasakiellaceae,Terasakiella,2,2,1,1,2,0,0,2,1,0,1,0,1,0,0,0,0,0
Bacteria,Proteobacteria,Gammaproteobacteria,Alteromonadales,Colwelliaceae,Thalassotalea,0,1,1,1,0,0,0,0,0,0,0,0,0,1,0,0,0,0
Bacteria,Proteobacteria,Gammaproteobacteria,Vibrionales,Vibrionaceae,Thaumasiovibrio,0,0,0,0,0,0,0,0,0,0,0,0,0,0,0,1,0,0
Bacteria,Proteobacteria,Gammaproteobacteria,Cellvibrionales,Cellvibrionaceae,Umboniibacter,1,0,0,0,2,0,1,0,0,0,0,0,0,0,0,0,0,1
Bacteria,Proteobacteria,Gammaproteobacteria,Vibrionales,Vibrionaceae,Vibrio,0,0,2,0,0,4,1,3,1,2,3,2,1,1,3,0,3,2
Bacteria,Bacteroidetes,Flavobacteriia,Flavobacteriales,Flavobacteriaceae,Wenyingzhuangia,1,0,1,0,0,0,0,0,1,1,1,0,1,0,2,0,0,0
Bacteria,Bacteroidetes,Flavobacteriia,Flavobacteriales,Flavobacteriaceae,Winogradskyella,1,0,0,0,0,0,0,1,0,1,0,0,0,0,1,2,0,0
Bacteria,Proteobacteria,Gammaproteobacteria,Enterobacterales,Yersiniaceae,Yersinia,0,0,0,0,0,0,0,0,1,0,0,0,0,0,0,0,0,0
Bacteria,Firmicutes,Clostridia,Eubacteriales,Oscillospiraceae,Acetivibrio,0,0,0,0,0,0,0,0,0,0,0,0,0,0,1,0,0,0
Bacteria,Proteobacteria,Betaproteobacteria,Burkholderiales,Alcaligenaceae,Achromobacter,0,0,0,0,0,0,0,0,0,0,0,1,0,0,1,1,1,0
Bacteria,Firmicutes,Negativicutes,Acidaminococcales,Acidaminococcaceae,Acidaminococcus,0,0,0,0,0,0,0,0,0,0,0,1,0,0,0,0,1,0
Bacteria,Proteobacteria,Betaproteobacteria,Burkholderiales,Comamonadaceae,Acidovorax,0,0,0,0,0,0,0,0,0,0,0,0,0,0,0,1,0,0
Bacteria,Bacteroidetes,Flavobacteriia,Flavobacteriales,Flavobacteriaceae,Actibacter,0,0,0,0,0,0,0,1,0,0,0,0,1,0,0,0,0,0
Bacteria,Actinobacteria,Actinomycetia,Streptosporangiales,Thermomonosporaceae,Actinoallomurus,1,0,0,0,0,0,0,0,0,0,0,0,0,0,0,0,0,0
Bacteria,Firmicutes,Clostridia,Eubacteriales,Oscillospiraceae,Acutalibacter,0,0,0,0,0,0,0,0,1,0,0,0,0,0,0,0,0,0
Bacteria,Actinobacteria,Coriobacteriia,Eggerthellales,Eggerthellaceae,Adlercreutzia,2,2,2,2,1,0,1,2,2,0,1,1,3,2,0,2,0,2
Bacteria,Firmicutes,Bacilli,Lactobacillales,Aerococcaceae,Aerococcus,0,0,0,0,0,0,0,0,0,1,0,0,0,0,0,0,0,0
Bacteria,Actinobacteria,Actinomycetia,Propionibacteriales,Nocardioidaceae,Aeromicrobium,0,0,0,0,0,0,0,0,0,0,0,0,0,0,0,1,0,0
Bacteria,Proteobacteria,delta/epsilon,Myxococcales,Polyangiaceae,Aetherobacter,1,0,0,0,0,0,0,0,0,0,0,0,0,0,0,0,0,0
Bacteria,Firmicutes,Clostridia,Eubacteriales,Oscillospiraceae,Agathobaculum,0,0,0,0,0,0,0,0,0,0,0,0,0,0,0,0,1,0
Bacteria,Verrucomicrobia,Verrucomicrobiae,Verrucomicrobiales,Akkermansiaceae,Akkermansia,1,1,1,1,1,1,1,1,1,1,1,1,1,1,1,1,1,1
Bacteria,Bacteroidetes,Sphingobacteriia,Sphingobacteriales,Sphingobacteriaceae,Albibacterium,0,0,0,0,1,1,1,1,0,0,0,1,0,0,0,1,0,1
Bacteria,Planctomycetes,Phycisphaerae,Phycisphaerales,Phycisphaeraceae,Algisphaera,15,5,6,11,0,0,0,1,0,1,2,1,0,0,0,0,0,0
Bacteria,Proteobacteria,Gammaproteobacteria,Alteromonadales,Alteromonadaceae,Aliagarivorans,0,0,0,0,1,0,1,1,0,0,0,0,0,0,0,0,0,0
Bacteria,Proteobacteria,delta/epsilon,Campylobacterales,Arcobacteraceae,Aliarcobacter,0,0,1,0,0,0,0,0,0,0,0,0,0,0,0,0,0,0
Bacteria,Bacteroidetes,Bacteroidia,Bacteroidales,Rikenellaceae,Alistipes,5,5,3,5,0,1,1,1,4,5,4,3,4,4,4,3,5,3
Bacteria,Firmicutes,Bacilli,Lactobacillales,Carnobacteriaceae,Alkalibacterium,1,0,1,0,0,0,0,0,0,0,0,0,1,0,0,0,0,0
Bacteria,Verrucomicrobia,Opitutae,Opitutales,Opitutaceae,Alterococcus,1,0,0,0,0,0,0,0,0,0,0,0,0,0,0,0,0,0
Bacteria,Proteobacteria,Gammaproteobacteria,Alteromonadales,Alteromonadaceae,Alteromonas,0,1,0,1,0,1,2,2,1,1,0,1,0,1,0,1,0,1
Bacteria,Tenericutes,Mollicutes,Anaeroplasmatales,Anaeroplasmataceae,Anaeroplasma,0,1,0,0,0,0,0,0,0,1,0,0,0,1,0,0,0,0
Bacteria,Firmicutes,Clostridia,Eubacteriales,Lachnospiraceae,Anaerotignum,1,0,0,0,0,0,0,0,0,1,1,0,0,0,0,0,0,1
Bacteria,Firmicutes,Clostridia,Eubacteriales,Oscillospiraceae,Anaerotruncus,1,1,0,1,0,1,0,0,2,0,0,1,1,2,1,0,2,1
Bacteria,Firmicutes,Bacilli,Bacillales,Paenibacillaceae,Aneurinibacillus,1,1,0,0,0,0,0,0,0,0,0,0,0,0,0,0,0,0
Bacteria,Proteobacteria,Alphaproteobacteria,Parvularculales,Parvularculaceae,Aquisalinus,0,0,0,0,0,0,0,0,1,1,0,0,0,0,0,0,0,0
Bacteria,Bacteroidetes,Flavobacteriia,Flavobacteriales,Flavobacteriaceae,Ascidiimonas,0,0,0,0,0,0,1,1,0,0,0,0,0,0,0,0,0,0
Bacteria,Proteobacteria,Alphaproteobacteria,Caulobacterales,Caulobacteraceae,Asticcacaulis,1,1,2,0,1,0,0,0,0,0,0,0,0,0,0,0,1,0
Bacteria,Proteobacteria,Gammaproteobacteria,Oceanospirillales,Oceanospirillaceae,Bacterioplanes,0,0,0,0,0,1,1,1,0,0,0,0,0,0,0,0,0,0
Bacteria,Bacteroidetes,Bacteroidia,Bacteroidales,Bacteroidaceae,Bacteroides,2,2,2,3,0,1,0,1,4,1,2,4,3,1,1,1,5,2
Bacteria,Proteobacteria,Gammaproteobacteria,Oceanospirillales,Oceanospirillaceae,Bermanella,0,0,0,0,0,1,1,1,0,0,0,0,0,0,0,0,0,0
Bacteria,Firmicutes,Clostridia,Eubacteriales,Lachnospiraceae,Blautia,0,0,0,0,0,0,0,0,1,0,0,0,0,0,0,0,0,0
Bacteria,Firmicutes,Bacilli,Bacillales,Paenibacillaceae,Brevibacillus,1,0,0,0,0,0,0,0,0,0,0,0,0,0,0,0,0,0
Bacteria,Bacteroidetes,Bacteroidia,Bacteroidales,Odoribacteraceae,Butyricimonas,0,1,0,0,0,0,0,0,0,0,0,0,1,0,0,0,0,0
Bacteria,Planctomycetes,Planctomycetia,Pirellulales,Lacipirellulaceae,Bythopirellula,1,0,0,0,0,0,0,0,1,0,0,2,0,0,0,0,0,0
Bacteria,Planctomycetes,Brocadii,Brocadiales,Candidatus Brocadiaceae,Candidatus Kuenenia,0,1,0,0,0,0,0,0,0,0,0,0,0,0,0,0,0,0
Bacteria,Firmicutes,Bacilli,Lactobacillales,Carnobacteriaceae,Carnobacterium,1,0,1,1,1,0,0,0,0,0,1,0,0,1,1,2,0,0
Bacteria,Proteobacteria,Alphaproteobacteria,Caulobacterales,Caulobacteraceae,Caulobacter,0,0,0,0,0,0,1,0,0,0,0,0,0,0,0,0,0,0
Bacteria,Firmicutes,Clostridia,Eubacteriales,Lachnospiraceae,Cellulosilyticum,1,0,1,0,1,0,0,0,0,0,1,0,1,0,1,0,0,1
Bacteria,Verrucomicrobia,Opitutae,Puniceicoccales,Puniceicoccaceae,Cerasicoccus,1,0,0,0,0,0,0,0,0,1,0,0,0,0,0,0,0,0
Bacteria,Bacteroidetes,Flavobacteriia,Flavobacteriales,Weeksellaceae,Chryseobacterium,1,0,0,1,1,1,0,1,1,1,1,0,0,1,2,1,0,2
Bacteria,Firmicutes,Bacilli,Bacillales,Planococcaceae,Chryseomicrobium,0,0,1,0,0,1,0,0,0,0,0,0,0,0,0,0,0,0
Bacteria,Actinobacteria,Coriobacteriia,Coriobacteriales,Coriobacteriaceae,Collinsella,0,0,0,0,1,0,0,0,0,0,0,0,0,0,0,0,0,0
Bacteria,Verrucomicrobia,Opitutae,Puniceicoccales,Puniceicoccaceae,Coraliomargarita,3,2,2,3,2,5,2,2,2,4,2,2,2,1,3,2,1,0
Bacteria,Proteobacteria,Gammaproteobacteria,Oceanospirillales,Oceanospirillaceae,Corallomonas,0,0,0,0,0,0,0,1,0,0,0,0,0,0,0,0,0,0
Bacteria,Actinobacteria,Actinomycetia,Propionibacteriales,Propionibacteriaceae,Cutibacterium,0,0,0,0,0,1,0,0,0,0,0,0,0,0,0,0,0,0
Bacteria,Bacteroidetes,Sphingobacteriia,Sphingobacteriales,Sphingobacteriaceae,Daejeonella,0,0,0,0,0,0,1,0,0,0,0,1,0,0,0,0,1,0
Bacteria,Deinococcus-Thermus,Deinococci,Deinococcales,Deinococcaceae,Deinobacterium,0,0,0,0,1,0,0,0,1,0,1,0,0,0,1,1,0,0
Bacteria,Proteobacteria,Betaproteobacteria,Burkholderiales,Comamonadaceae,Delftia,0,0,0,0,0,0,0,0,0,0,0,0,0,0,0,0,1,0
Bacteria,Firmicutes,Bacilli,Lactobacillales,Carnobacteriaceae,Desemzia,0,0,0,0,1,0,0,0,0,0,0,0,0,0,1,0,0,1
Bacteria,Proteobacteria,delta/epsilon,Desulfobacterales,Desulfobacteraceae,Desulfobacter,1,1,0,1,0,0,0,0,0,0,0,0,0,0,0,0,0,0
Bacteria,Proteobacteria,delta/epsilon,Desulfobacterales,Desulfobulbaceae,Desulfobulbus,0,1,0,1,0,0,0,0,0,0,1,0,0,0,0,0,1,0
Bacteria,Proteobacteria,delta/epsilon,Desulfobacterales,Desulfobacteraceae,Desulfoluna,1,0,0,0,1,0,0,0,0,0,0,0,0,0,0,0,0,0
Bacteria,Proteobacteria,delta/epsilon,Desulfobacterales,Desulfobacteraceae,Desulfosarcina,3,1,1,1,0,0,0,0,0,0,0,0,0,0,1,0,0,0
Bacteria,Proteobacteria,delta/epsilon,Desulfobacterales,Desulfobacteraceae,Desulfospira,0,0,0,1,0,0,0,0,0,0,0,0,0,0,0,0,0,0
Bacteria,Proteobacteria,delta/epsilon,Desulfuromonadales,Desulfuromonadaceae,Desulfuromonas,1,0,0,1,0,0,0,0,0,0,0,0,0,0,0,0,0,0
Bacteria,Actinobacteria,Actinomycetia,Corynebacteriales,Dietziaceae,Dietzia,0,0,1,0,0,1,0,0,0,0,1,0,0,0,0,0,0,0
Bacteria,Proteobacteria,Gammaproteobacteria,Xanthomonadales,Rhodanobacteraceae,Dokdonella,0,1,0,0,0,0,0,0,0,0,0,0,0,0,0,0,0,0
Bacteria,Firmicutes,Bacilli,Bacillales,Bacillaceae,Domibacillus,1,0,0,0,0,0,0,0,0,0,0,0,0,0,0,0,0,0
Bacteria,Firmicutes,Erysipelotrichia,Erysipelotrichales,Erysipelotrichaceae,Dubosiella,1,1,1,1,1,1,1,1,1,1,1,1,1,1,2,1,1,1
Bacteria,Bacteroidetes,Bacteroidia,Bacteroidales,Muribaculaceae,Duncaniella,6,3,4,3,3,1,1,1,6,3,5,7,7,7,6,6,4,5
Bacteria,Proteobacteria,Betaproteobacteria,Burkholderiales,Sutterellaceae,Duodenibacillus,0,0,0,0,0,0,0,0,1,0,0,0,0,0,0,0,0,0
Bacteria,Bacteroidetes,Bacteroidia,Bacteroidales,Dysgonomonadaceae,Dysgonomonas,0,0,0,1,0,0,0,0,0,0,0,0,0,0,0,0,0,0
Bacteria,Firmicutes,Bacilli,Lactobacillales,Enterococcaceae,Enterococcus,0,0,0,0,1,0,2,1,0,0,1,0,1,0,0,0,0,0
Bacteria,Firmicutes,Erysipelotrichia,Erysipelotrichales,Erysipelotrichaceae,Erysipelothrix,0,0,1,0,0,0,1,0,0,0,1,0,0,0,1,0,0,1
Bacteria,Firmicutes,Clostridia,Eubacteriales,Oscillospiraceae,Faecalibacterium,0,0,0,0,0,0,0,0,1,0,0,1,1,0,0,0,1,0
Bacteria,Firmicutes,Erysipelotrichia,Erysipelotrichales,Erysipelotrichaceae,Faecalibaculum,1,1,1,1,1,1,1,1,1,1,2,1,1,1,1,2,4,1
Bacteria,Bacteroidetes,Cytophagia,Cytophagales,Flammeovirgaceae,Flammeovirga,0,0,0,0,1,1,0,0,0,0,0,0,0,0,0,0,0,0
Bacteria,Firmicutes,Clostridia,Eubacteriales,Oscillospiraceae,Flavonifractor,0,1,0,0,0,0,0,0,1,1,0,0,0,0,0,0,1,0
Bacteria,Proteobacteria,Gammaproteobacteria,Thiotrichales,Francisellaceae,Francisella,0,1,0,0,0,0,0,1,0,0,0,1,0,0,0,0,0,0
Bacteria,Proteobacteria,delta/epsilon,Desulfuromonadales,Geobacteraceae,Geoalkalibacter,0,0,0,0,0,0,0,0,0,0,0,0,0,0,1,0,0,0
Bacteria,Bacteroidetes,Flavobacteriia,Flavobacteriales,Flavobacteriaceae,Gilvibacter,0,0,0,0,0,0,0,1,0,1,0,0,0,0,0,0,1,0
Bacteria,Planctomycetes,Planctomycetia,Planctomycetales,Planctomycetaceae,Gimesia,14,6,10,11,1,0,0,1,0,1,0,0,0,0,0,0,0,0
Bacteria,Firmicutes,Bacilli,Bacillales,Paenibacillaceae,Gorillibacterium,0,0,0,0,0,0,0,0,0,0,0,0,0,0,0,0,0,1
Bacteria,Bacteroidetes,Flavobacteriia,Flavobacteriales,Flavobacteriaceae,Gramella,1,1,0,1,0,1,0,0,1,0,0,0,0,0,0,0,1,0
Bacteria,Proteobacteria,Gammaproteobacteria,Vibrionales,Vibrionaceae,Grimontia,0,0,0,0,1,1,1,2,1,0,1,1,0,0,0,1,0,0
Bacteria,Proteobacteria,Gammaproteobacteria,Pasteurellales,Pasteurellaceae,Haemophilus,0,0,0,0,0,0,0,0,1,0,0,0,0,0,0,0,0,0
Bacteria,Proteobacteria,delta/epsilon,Campylobacterales,Arcobacteraceae,Halarcobacter,1,1,0,1,1,1,1,1,1,1,1,1,1,1,1,0,1,1
Bacteria,Firmicutes,Bacilli,Bacillales,Bacillaceae,Halobacillus,1,0,0,1,0,0,0,0,0,0,0,0,0,0,0,0,0,0
Bacteria,Proteobacteria,Oligoflexia,Bacteriovoracales,Halobacteriovoraceae,Halobacteriovorax,1,0,1,0,0,0,0,0,0,0,0,0,0,0,0,0,0,0
Bacteria,Proteobacteria,delta/epsilon,Desulfovibrionales,Desulfovibrionaceae,Halodesulfovibrio,2,0,0,0,0,0,0,2,0,0,0,0,0,1,0,0,0,0
Bacteria,Verrucomicrobia,Verrucomicrobiae,Verrucomicrobiales,Verrucomicrobiaceae,Haloferula,5,0,2,1,1,0,0,1,1,0,3,0,1,0,2,0,1,0
Bacteria,Proteobacteria,delta/epsilon,Campylobacterales,Helicobacteraceae,Helicobacter,2,2,1,2,1,1,1,2,2,2,2,2,2,2,3,2,2,2
Bacteria,Proteobacteria,Betaproteobacteria,Burkholderiales,Comamonadaceae,Hydrogenophaga,0,1,0,0,0,0,0,0,0,0,1,0,0,0,0,0,1,0
Bacteria,Proteobacteria,Gammaproteobacteria,Alteromonadales,Idiomarinaceae,Idiomarina,0,0,0,0,0,0,0,0,0,0,0,0,0,0,0,1,0,0
Bacteria,Ignavibacteriae,Ignavibacteria,Ignavibacteriales,Ignavibacteriaceae,Ignavibacterium,1,1,0,3,0,0,0,0,0,1,0,0,0,0,0,0,0,0
Bacteria,Firmicutes,Erysipelotrichia,Erysipelotrichales,Erysipelotrichaceae,Ileibacterium,1,1,1,1,1,1,1,1,1,1,1,1,1,1,1,1,1,1
Bacteria,Firmicutes,Bacilli,Bacillales,Bacillaceae,incertae sedis Exiguobacterium,2,1,1,1,0,0,0,0,0,0,0,0,1,0,0,1,0,0
Bacteria,Firmicutes,Bacilli,Bacillales,Bacillaceae,incertae sedis Gemella,0,0,0,0,0,0,0,0,1,0,0,0,0,0,0,0,0,0
Bacteria,Firmicutes,Clostridia,Eubacteriales,Eubacteriaceae,incertae sedis Intestinimonas,1,1,1,2,0,0,1,0,2,0,0,2,1,1,0,1,1,1
Bacteria,Proteobacteria,Betaproteobacteria,Burkholderiales,Oxalobacteraceae,Janthinobacterium,0,0,0,1,0,0,0,0,0,0,0,0,0,0,0,0,0,0
Bacteria,Firmicutes,Bacilli,Bacillales,Planococcaceae,Jeotgalibacillus,0,0,1,0,0,0,0,0,0,0,0,0,0,0,0,0,0,0
Bacteria,Proteobacteria,Alphaproteobacteria,Hyphomicrobiales,Kaistiaceae,Kaistia,0,0,0,1,0,1,0,0,1,0,1,0,1,0,0,0,0,1
Bacteria,Proteobacteria,Alphaproteobacteria,Kordiimonadales,Kordiimonadaceae,Kordiimonas,1,0,0,0,0,0,1,1,0,0,0,1,0,0,0,0,0,0
Bacteria,Firmicutes,Bacilli,Bacillales,Planococcaceae,Kurthia,0,0,0,0,0,0,1,0,0,0,1,0,0,0,0,0,0,0
Bacteria,Firmicutes,Clostridia,Eubacteriales,Lachnospiraceae,Lachnospira,0,0,0,0,0,0,0,0,1,0,0,1,1,0,0,0,1,0
Bacteria,Planctomycetes,Planctomycetia,Pirellulales,Lacipirellulaceae,Lacipirellula,0,0,0,0,1,0,0,0,0,0,0,0,0,0,0,0,0,0
Bacteria,Firmicutes,Bacilli,Lactobacillales,Lactobacillaceae,Lactobacillus,3,3,3,3,3,2,2,2,3,3,3,3,3,4,3,4,3,2
Bacteria,Firmicutes,Bacilli,Lactobacillales,Streptococcaceae,Lactococcus,2,2,2,2,2,1,1,2,1,1,2,1,2,2,2,2,1,2
Bacteria,Proteobacteria,Betaproteobacteria,Burkholderiales,Comamonadaceae,Lampropedia,0,0,0,0,0,0,0,0,0,0,0,1,0,0,0,1,0,0
Bacteria,Proteobacteria,Gammaproteobacteria,Legionellales,Legionellaceae,Legionella,1,0,0,0,0,0,0,0,0,0,0,0,0,0,0,0,0,0
Bacteria,Lentisphaerae,Lentisphaeria,Lentisphaerales,Lentisphaeraceae,Lentisphaera,0,0,0,0,1,0,0,0,0,0,0,0,0,0,0,0,0,0
Bacteria,Firmicutes,Bacilli,Lactobacillales,Lactobacillaceae,Ligilactobacillus,2,2,2,2,1,1,1,1,3,2,2,3,2,2,2,2,2,1
Bacteria,Firmicutes,Bacilli,Lactobacillales,Lactobacillaceae,Limosilactobacillus,1,1,1,1,1,1,1,1,1,1,1,1,1,1,1,1,1,1
Bacteria,Proteobacteria,delta/epsilon,Bradymonadales,Bradymonadaceae,Lujinxingia,1,0,0,0,0,0,0,0,0,0,0,0,0,0,0,0,0,0
Bacteria,Verrucomicrobia,Verrucomicrobiae,Verrucomicrobiales,Verrucomicrobiaceae,Luteolibacter,2,1,1,1,1,1,1,1,0,1,2,1,1,0,3,1,1,0
Bacteria,Firmicutes,Bacilli,Bacillales,Staphylococcaceae,Macrococcus,0,0,0,0,0,0,0,0,0,1,0,0,0,0,0,0,0,0
Bacteria,Proteobacteria,delta/epsilon,Campylobacterales,Arcobacteraceae,Malaciobacter,1,1,0,1,1,1,1,1,1,1,1,1,1,1,0,0,1,1
Bacteria,Proteobacteria,delta/epsilon,Desulfuromonadales,Desulfuromonadaceae,Malonomonas,1,0,0,1,0,0,0,0,0,0,0,0,0,0,0,0,0,0
Bacteria,Planctomycetes,Planctomycetia,Pirellulales,Pirellulaceae,Mariniblastus,1,3,2,3,2,1,3,2,5,2,5,2,2,2,4,6,2,2
Bacteria,Firmicutes,Bacilli,Bacillales,Bacillaceae,Marinococcus,0,0,0,0,0,1,0,0,0,0,0,0,0,0,0,0,0,0
Bacteria,Proteobacteria,Zetaproteobacteria,Mariprofundales,Mariprofundaceae,Mariprofundus,0,0,0,1,0,0,0,0,0,0,0,0,0,0,0,0,0,0
Bacteria,Proteobacteria,Betaproteobacteria,Burkholderiales,Oxalobacteraceae,Massilia,0,0,0,0,0,0,0,0,1,0,0,0,0,0,0,0,0,0
Bacteria,Bacteroidetes,Bacteroidia,Bacteroidales,Prevotellaceae,Massiliprevotella,0,0,0,0,0,0,0,0,1,0,0,0,0,0,0,0,0,0
Bacteria,Firmicutes,Negativicutes,Selenomonadales,Selenomonadaceae,Megamonas,0,0,0,0,0,0,0,0,1,0,0,1,0,0,0,0,1,0
Bacteria,Firmicutes,Negativicutes,Veillonellales,Veillonellaceae,Megasphaera,0,0,0,0,0,0,0,0,1,0,0,1,0,0,0,0,1,0
Bacteria,Bacteroidetes,Flavobacteriia,Flavobacteriales,Flavobacteriaceae,Mesonia,0,0,0,0,0,0,0,0,0,1,0,0,0,0,0,0,0,0
Bacteria,Proteobacteria,Alphaproteobacteria,Hyphomicrobiales,Methylocystaceae,Methylocystis,0,0,0,0,1,0,0,0,0,0,0,0,0,0,0,0,0,0
Bacteria,Proteobacteria,Betaproteobacteria,Nitrosomonadales,Methylophilaceae,Methylophilus,0,1,0,0,0,0,0,1,0,0,0,0,0,0,0,0,0,0
Bacteria,Proteobacteria,Betaproteobacteria,Nitrosomonadales,Sterolibacteriaceae,Methyloversatilis,0,0,1,0,0,0,0,0,0,0,0,0,0,0,0,0,0,0
Bacteria,Firmicutes,Negativicutes,Selenomonadales,Selenomonadaceae,Mitsuokella,0,0,0,0,0,0,0,0,1,0,0,1,2,0,0,0,0,0
Bacteria,Bacteroidetes,Flavobacteriia,Flavobacteriales,Weeksellaceae,Moheibacter,0,0,0,1,0,1,0,0,0,1,0,0,0,0,0,0,0,0
Bacteria,Deferribacteres,Deferribacteres,Deferribacterales,Deferribacteraceae,Mucispirillum,1,2,0,1,0,0,0,0,1,0,0,0,2,1,2,1,2,1
Bacteria,Bacteroidetes,Bacteroidia,Bacteroidales,Muribaculaceae,Muribaculum,1,1,0,0,0,0,0,0,1,1,1,1,1,1,0,1,1,1
Bacteria,Bacteroidetes,Flavobacteriia,Flavobacteriales,Flavobacteriaceae,Myroides,0,0,0,0,0,0,0,0,0,0,0,0,1,0,0,1,0,0
Bacteria,Firmicutes,Bacilli,Bacillales,Bacillaceae,Neobacillus,1,0,0,0,0,0,0,0,0,0,0,0,0,0,0,0,0,0
Archaea,Thaumarchaeota,Nitrososphaeria,Nitrosopumilales,Nitrosopumilaceae,Nitrosopumilus,5,4,5,3,0,0,0,0,0,0,0,0,0,0,0,0,0,0
Archaea,Thaumarchaeota,Nitrososphaeria,Nitrososphaerales,Nitrososphaeraceae,Nitrososphaera,1,0,0,0,0,0,0,0,0,0,0,0,0,0,0,0,0,0
Bacteria,Proteobacteria,Betaproteobacteria,Nitrosomonadales,Nitrosomonadaceae,Nitrosospira,1,0,1,0,0,0,0,0,0,0,0,0,0,0,0,0,0,0
Bacteria,Nitrospirae,Nitrospira,Nitrospirales,Nitrospiraceae,Nitrospira,5,3,4,3,0,0,0,0,0,0,0,0,0,0,0,0,0,0
Bacteria,Firmicutes,Clostridia,Eubacteriales,Clostridiaceae,Oceanirhabdus,0,1,0,1,1,0,0,1,0,1,0,0,0,0,0,0,0,0
Bacteria,Proteobacteria,Gammaproteobacteria,Oceanospirillales,Oceanospirillaceae,Oceanobacter,0,0,0,0,0,0,0,0,0,0,0,0,0,1,0,0,0,0
Bacteria,Verrucomicrobia,Opitutae,Opitutales,Opitutaceae,Oleiharenicola,0,0,0,0,0,0,0,0,0,0,1,0,0,0,0,0,0,0
Bacteria,Firmicutes,Clostridia,Eubacteriales,Oscillospiraceae,Oscillibacter,1,1,1,1,0,1,0,1,1,1,1,1,1,1,1,1,1,1
Bacteria,Proteobacteria,Alphaproteobacteria,Sphingomonadales,Sphingosinicellaceae,Pacificimonas,1,0,0,0,0,0,1,1,0,0,0,0,0,0,0,0,0,0
Bacteria,Bacteroidetes,Chitinophagia,Chitinophagales,Chitinophagaceae,Paracnuella,0,0,0,0,0,0,0,0,0,0,0,0,0,0,1,0,0,0
Bacteria,Firmicutes,Bacilli,Bacillales,Bacillaceae,Parageobacillus,0,0,0,1,0,0,0,0,0,0,0,0,0,0,0,0,0,0
Bacteria,Bacteroidetes,Bacteroidia,Bacteroidales,Muribaculaceae,Paramuribaculum,1,1,1,1,0,1,0,1,1,1,1,1,1,1,1,1,1,1
Bacteria,Proteobacteria,Betaproteobacteria,Burkholderiales,Sutterellaceae,Parasutterella,0,0,0,0,0,0,0,0,0,0,0,1,0,0,0,0,0,0
Bacteria,Proteobacteria,Gammaproteobacteria,Oceanospirillales,Endozoicomonadaceae,Parendozoicomonas,0,0,0,0,0,0,0,1,0,0,0,0,0,0,0,0,0,0
Bacteria,Actinobacteria,Thermoleophilia,Solirubrobacterales,Patulibacteraceae,Patulibacter,0,0,1,0,0,0,0,0,0,0,1,0,0,0,0,0,0,1
Bacteria,Verrucomicrobia,Opitutae,Puniceicoccales,Puniceicoccaceae,Pelagicoccus,4,1,1,2,1,1,0,0,0,0,0,0,0,0,0,0,0,0
Bacteria,Proteobacteria,delta/epsilon,Desulfuromonadales,Desulfuromonadaceae,Pelobacter,2,1,1,1,1,0,1,0,0,0,0,0,1,0,2,0,1,0
Bacteria,Chloroflexi,Anaerolineae,Anaerolineales,Anaerolineaceae,Pelolinea,1,0,0,0,0,0,0,0,0,0,0,0,0,0,0,0,0,0
Bacteria,Proteobacteria,Betaproteobacteria,Burkholderiales,Comamonadaceae,Pelomonas,1,1,0,0,0,0,0,0,0,0,0,0,0,0,1,1,0,0
Bacteria,Firmicutes,Negativicutes,Selenomonadales,Sporomusaceae,Pelosinus,1,0,0,0,0,0,0,0,0,0,0,0,0,0,0,0,0,0
Bacteria,Firmicutes,Bacilli,Bacillales,Bacillaceae,Peribacillus,0,0,0,0,0,0,0,1,0,0,0,0,0,0,1,0,0,0
Bacteria,Proteobacteria,Gammaproteobacteria,Pseudomonadales,Pseudomonadaceae,Permianibacter,0,1,0,0,0,0,0,0,0,0,0,0,0,0,0,0,0,0
Bacteria,Verrucomicrobia,Verrucomicrobiae,Verrucomicrobiales,Verrucomicrobiaceae,Persicirhabdus,0,0,0,0,0,0,1,0,0,0,0,0,0,0,0,0,0,0
Bacteria,Proteobacteria,Gammaproteobacteria,Arenicellales,Arenicellaceae,Perspicuibacter,0,0,0,0,0,0,0,1,0,0,0,0,0,0,0,0,0,0
Bacteria,Firmicutes,Negativicutes,Acidaminococcales,Acidaminococcaceae,Phascolarctobacterium,0,0,0,0,0,0,0,0,1,0,0,1,1,0,0,0,0,0
Bacteria,Bacteroidetes,Bacteroidia,Bacteroidales,Bacteroidaceae,Phocaeicola,1,0,1,1,1,1,0,0,2,1,1,2,1,1,0,1,2,1
Bacteria,Firmicutes,Bacilli,Bacillales,Planococcaceae,Planococcus,1,0,1,1,1,0,0,0,0,0,0,1,0,0,0,0,0,0
Bacteria,Proteobacteria,delta/epsilon,Myxococcales,Nannocystaceae,Plesiocystis,0,0,0,0,0,0,0,0,1,0,0,1,0,0,0,0,0,0
Bacteria,Firmicutes,Bacilli,Bacillales,Bacillaceae,Pontibacillus,0,0,0,1,0,0,0,0,0,0,0,0,0,0,0,0,0,0
Bacteria,Bacteroidetes,Bacteroidia,Bacteroidales,Prevotellaceae,Prevotella,0,0,0,0,0,0,0,0,1,0,0,1,1,0,0,0,0,0
Bacteria,Bacteroidetes,Bacteroidia,Bacteroidales,Prevotellaceae,Prevotellamassilia,0,0,0,0,0,0,0,0,1,0,0,1,1,0,0,0,0,0
Bacteria,Fusobacteria,Fusobacteriia,Fusobacteriales,Fusobacteriaceae,Propionigenium,0,1,1,1,1,2,1,1,2,1,2,1,1,0,1,0,4,0
Bacteria,Proteobacteria,delta/epsilon,Myxococcales,Nannocystaceae,Pseudenhygromyxa,0,0,1,0,0,0,0,0,0,0,0,0,0,0,0,0,0,0
Bacteria,Proteobacteria,delta/epsilon,Desulfovibrionales,Desulfovibrionaceae,Pseudodesulfovibrio,4,0,0,2,0,0,0,1,0,0,0,0,0,0,0,0,0,0
Bacteria,Verrucomicrobia,Opitutae,Puniceicoccales,Puniceicoccaceae,Puniceicoccus,0,0,0,0,0,1,0,0,0,0,0,0,0,0,1,0,0,0
Bacteria,Proteobacteria,Gammaproteobacteria,Enterobacterales,Yersiniaceae,Rahnella,0,1,0,0,0,0,0,0,0,0,1,0,0,0,1,0,1,0
Bacteria,Proteobacteria,Betaproteobacteria,Burkholderiales,Burkholderiaceae,Ralstonia,1,2,0,0,0,0,0,0,0,0,0,0,0,0,0,0,0,0
Bacteria,Proteobacteria,Alphaproteobacteria,Rhodobacterales,Rhodobacteraceae,Rhodobaca,0,0,0,1,0,0,0,0,0,0,0,0,0,0,0,0,0,0
Bacteria,Planctomycetes,Planctomycetia,Pirellulales,Pirellulaceae,Rhodopirellula,0,0,0,1,0,0,1,0,0,0,0,0,0,0,2,2,1,1
Bacteria,Firmicutes,Clostridia,Eubacteriales,Lachnospiraceae,Roseburia,1,0,0,0,0,0,0,0,0,0,0,0,0,0,0,0,1,0
Bacteria,Verrucomicrobia,Verrucomicrobiae,Verrucomicrobiales,Verrucomicrobiaceae,Roseibacillus,5,1,0,2,2,1,1,1,3,4,5,2,1,0,5,4,3,1
Bacteria,Planctomycetes,Planctomycetia,Pirellulales,Pirellulaceae,Roseimaritima,1,1,1,1,0,0,1,0,0,0,0,0,0,0,0,0,0,0
Bacteria,Proteobacteria,Gammaproteobacteria,Enterobacterales,Yersiniaceae,Rouxiella,0,0,0,0,0,0,0,0,0,0,1,0,0,1,0,0,1,1
Bacteria,Proteobacteria,Alphaproteobacteria,Rhodobacterales,Rhodobacteraceae,Rubribacterium,0,0,0,0,0,0,0,0,0,0,0,0,0,0,0,0,1,0
Bacteria,Verrucomicrobia,Verrucomicrobiae,Verrucomicrobiales,Rubritaleaceae,Rubritalea,8,2,3,1,4,2,3,4,3,3,3,1,0,0,5,4,1,1
Bacteria,Rhodothermaeota,Rhodothermia,Rhodothermales,Rubricoccaceae,Rubrivirga,3,0,0,0,0,1,2,2,0,0,2,1,2,0,1,0,0,0
Bacteria,Actinobacteria,Rubrobacteria,Rubrobacterales,Rubrobacteraceae,Rubrobacter,3,1,0,0,1,0,1,3,0,0,0,0,0,0,0,0,0,0
Bacteria,Firmicutes,Clostridia,Eubacteriales,Oscillospiraceae,Ruminiclostridium,0,0,1,0,0,0,0,1,0,0,0,0,0,0,0,0,0,0
Bacteria,Firmicutes,Clostridia,Eubacteriales,Oscillospiraceae,Ruminococcus,1,0,0,1,1,0,1,0,0,1,0,2,1,1,1,0,0,0
Bacteria,Firmicutes,Clostridia,Eubacteriales,Oscillospiraceae,Ruthenibacterium,0,1,0,0,0,0,0,0,0,1,0,0,0,0,0,0,1,0
Bacteria,Actinobacteria,Actinomycetia,Pseudonocardiales,Pseudonocardiaceae,Saccharopolyspora,1,0,0,0,0,0,0,0,1,0,0,0,0,0,0,0,0,0
Bacteria,Proteobacteria,Gammaproteobacteria,Oceanospirillales,Saccharospirillaceae,Saccharospirillum,0,0,0,0,0,0,0,1,0,0,0,0,0,0,0,0,0,0
Bacteria,Bacteroidetes,Flavobacteriia,Flavobacteriales,Flavobacteriaceae,Salegentibacter,2,0,2,1,0,2,0,0,0,0,0,0,0,0,0,0,0,0
Bacteria,Bacteroidetes,Flavobacteriia,Flavobacteriales,Flavobacteriaceae,Salinimicrobium,0,0,0,1,0,0,0,0,0,0,0,0,0,0,0,0,0,0
Bacteria,Proteobacteria,Gammaproteobacteria,Alteromonadales,Alteromonadaceae,Salinimonas,1,0,0,0,0,0,0,0,1,0,0,0,0,0,0,0,0,0
Bacteria,Proteobacteria,Gammaproteobacteria,Vibrionales,Vibrionaceae,Salinivibrio,0,1,0,0,0,0,1,0,0,0,0,0,0,0,0,0,0,0
Bacteria,Proteobacteria,Gammaproteobacteria,incertae sedis,incertae sedis,Sedimenticola,0,1,0,1,1,0,0,0,0,0,0,0,0,0,0,0,0,0
Bacteria,Proteobacteria,Alphaproteobacteria,Hyphomicrobiales,Rhizobiaceae,Sinorhizobium/Ensifer,0,0,0,0,1,0,0,0,0,0,0,1,0,0,0,0,1,0
Bacteria,Firmicutes,Bacilli,Bacillales,Planococcaceae,Solibacillus,1,1,1,1,1,1,1,1,1,1,1,1,0,1,1,1,2,1
Bacteria,Spirochaetes,Spirochaetia,Spirochaetales,Spirochaetaceae,Spirochaeta,2,1,0,1,0,0,0,0,0,0,0,0,0,0,0,0,0,0
Bacteria,Bacteroidetes,Flavobacteriia,Flavobacteriales,Flavobacteriaceae,Spongitalea,1,0,0,0,0,0,0,1,0,0,0,0,0,0,0,0,0,0
Bacteria,Firmicutes,Clostridia,Eubacteriales,Peptostreptococcaceae,Sporacetigenium,0,0,0,0,0,0,0,0,0,0,1,0,0,0,0,0,0,0
Bacteria,Acidobacteria,Blastocatellia,Blastocatellales,Blastocatellaceae,Stenotrophobacter,0,0,0,0,0,0,0,0,0,0,0,0,0,0,0,1,0,0
Bacteria,Proteobacteria,Gammaproteobacteria,Xanthomonadales,Xanthomonadaceae,Stenotrophomonas,2,2,2,2,2,2,1,1,2,3,1,3,3,1,1,2,1,2
Bacteria,Firmicutes,Bacilli,Lactobacillales,Streptococcaceae,Streptococcus,1,1,0,0,0,1,1,0,2,1,1,0,1,0,0,1,1,1
Bacteria,Proteobacteria,Gammaproteobacteria,Aeromonadales,Succinivibrionaceae,Succinivibrio,0,0,0,0,1,0,0,0,0,0,0,0,0,0,0,0,0,0
Bacteria,Proteobacteria,Gammaproteobacteria,Acidiferrobacterales,Acidiferrobacteraceae,Sulfuricaulis,1,1,0,1,0,0,0,0,0,0,0,0,0,0,0,0,0,0
Bacteria,Proteobacteria,delta/epsilon,Campylobacterales,Thiovulaceae,Sulfurimonas,2,2,2,2,1,2,1,2,0,0,0,0,0,0,0,0,0,0
Bacteria,Proteobacteria,delta/epsilon,Campylobacterales,Campylobacteraceae,Sulfurospirillum,0,1,0,0,0,0,0,0,0,0,0,0,0,0,0,0,0,0
Bacteria,Proteobacteria,Betaproteobacteria,Burkholderiales,Sutterellaceae,Sutterella,0,0,0,0,0,0,0,0,0,0,0,1,1,0,0,0,1,0
Bacteria,Firmicutes,Clostridia,Eubacteriales,Symbiobacteriaceae,Symbiobacterium,1,0,1,0,0,0,0,0,0,0,0,0,0,0,0,0,0,0
Bacteria,Bacteroidetes,Chitinophagia,Chitinophagales,Chitinophagaceae,Taibaiella,0,1,0,0,0,1,0,0,0,0,0,0,1,0,0,1,1,0
Bacteria,Proteobacteria,Alphaproteobacteria,Kordiimonadales,Temperatibacteraceae,Temperatibacter,0,0,0,0,0,1,0,0,0,0,1,0,0,1,0,0,0,0
Bacteria,Proteobacteria,Alphaproteobacteria,Rhodospirillales,Thalassobaculaceae,Thalassobaculum,0,0,0,1,0,0,0,0,0,0,0,0,0,0,0,0,0,0
Bacteria,Proteobacteria,Gammaproteobacteria,Thiotrichales,Piscirickettsiaceae,Thiomicrorhabdus,0,1,0,1,0,0,0,0,0,0,0,0,0,0,0,0,1,0
Bacteria,Proteobacteria,Gammaproteobacteria,Chromatiales,Halothiobacillaceae,Thiovirga,0,0,0,0,0,0,0,0,0,0,0,0,0,0,0,1,0,0
Bacteria,Firmicutes,Bacilli,Bacillales,Alicyclobacillaceae,Tumebacillus,0,0,0,0,0,0,0,0,0,0,0,0,0,1,0,0,0,0
Bacteria,Proteobacteria,Betaproteobacteria,Burkholderiales,Sutterellaceae,Turicimonas,1,1,0,1,0,1,0,0,1,1,0,1,1,1,1,1,1,0
Bacteria,Firmicutes,Bacilli,Lactobacillales,Enterococcaceae,Vagococcus,0,0,1,1,1,0,1,1,0,0,1,0,0,0,1,0,0,1
Bacteria,Firmicutes,Clostridia,Eubacteriales,Vallitaleaceae,Vallitalea,0,0,0,0,1,0,0,1,0,1,0,0,0,0,0,0,0,0
Bacteria,Firmicutes,Negativicutes,Veillonellales,Veillonellaceae,Veillonella,1,0,0,0,0,0,0,0,0,0,0,0,0,0,0,0,0,0
